[
    {
        "username": "NBC Cleaners",
        "time": "2023-05-29T22:15:10Z",
        "event": "unlocked_event"
    },
    {
        "username": "Someone",
        "time": "2023-05-29T22:35:22Z",
        "event": "locked_event"
    },
    {
        "username": "Someone",
        "time": "2023-05-29T22:35:25Z",
        "event": "unlocked_event"
    },
    {
        "username": "Someone",
        "time": "2023-05-29T22:35:32Z",
        "event": "locked_event"
    },
    {
        "username": "Someone",
        "time": "2023-05-29T22:48:20Z",
        "event": "unlocked_event"
    },
    {
        "username": "Someone",
        "time": "2023-05-29T23:07:48Z",
        "event": "locked_event"
    },
    {
        "username": "Molly Toler",
        "time": "2023-06-01T20:00:50Z",
        "event": "unlocked_event"
    },
    {
        "username": "NBC Cleaners",
        "time": "2023-06-05T14:27:31Z",
        "event": "unlocked_event"
    },
    {
        "username": "Someone",
        "time": "2023-06-05T15:09:56Z",
        "event": "locked_event"
    },
    {
        "username": "Someone",
        "time": "2023-06-05T15:20:46Z",
        "event": "unlocked_event"
    },
    {
        "username": "Someone",
        "time": "2023-06-05T15:57:13Z",
        "event": "locked_event"
    },
    {
        "username": "Hot Tubs etc",
        "time": "2023-06-05T17:47:14Z",
        "event": "unlocked_event"
    },
    {
        "username": "NBC Cleaners",
        "time": "2023-06-11T17:16:03Z",
        "event": "unlocked_event"
    },
    {
        "username": "Someone",
        "time": "2023-06-11T18:32:17Z",
        "event": "locked_event"
    },
    {
        "username": "Kelly Begley",
        "time": "2023-06-11T20:11:34Z",
        "event": "unlocked_event"
    },
    {
        "username": "NBC Cleaners",
        "time": "2023-06-16T14:45:24Z",
        "event": "unlocked_event"
    },
    {
        "username": "Someone",
        "time": "2023-06-16T17:47:58Z",
        "event": "locked_event"
    },
    {
        "username": "NBC Cleaners",
        "time": "2023-06-16T17:54:49Z",
        "event": "unlocked_event"
    },
    {
        "username": "Someone",
        "time": "2023-06-16T17:57:08Z",
        "event": "locked_event"
    },
    {
        "username": "NBC Cleaners",
        "time": "2023-06-16T19:24:17Z",
        "event": "unlocked_event"
    },
    {
        "username": "Someone",
        "time": "2023-06-16T19:41:06Z",
        "event": "locked_event"
    },
    {
        "username": "Tenisha Harris",
        "time": "2023-06-16T21:03:33Z",
        "event": "unlocked_event"
    },
    {
        "username": "NBC Cleaners",
        "time": "2023-06-19T17:15:02Z",
        "event": "unlocked_event"
    },
    {
        "username": "Someone",
        "time": "2023-06-19T17:16:40Z",
        "event": "locked_event"
    },
    {
        "username": "Someone",
        "time": "2023-06-19T17:43:52Z",
        "event": "unlocked_event"
    },
    {
        "username": "Someone",
        "time": "2023-06-19T17:45:32Z",
        "event": "locked_event"
    },
    {
        "username": "Someone",
        "time": "2023-06-19T17:58:24Z",
        "event": "unlocked_event"
    },
    {
        "username": "Someone",
        "time": "2023-06-19T17:59:03Z",
        "event": "locked_event"
    },
    {
        "username": "Someone",
        "time": "2023-06-19T18:00:12Z",
        "event": "unlocked_event"
    },
    {
        "username": "Someone",
        "time": "2023-06-19T18:06:23Z",
        "event": "locked_event"
    },
    {
        "username": "Jason Long",
        "time": "2023-06-19T21:22:54Z",
        "event": "unlocked_event"
    },
    {
        "username": "NBC Cleaners",
        "time": "2023-06-22T19:54:30Z",
        "event": "unlocked_event"
    },
    {
        "username": "Someone",
        "time": "2023-06-22T19:57:21Z",
        "event": "locked_event"
    },
    {
        "username": "Someone",
        "time": "2023-06-22T19:59:54Z",
        "event": "unlocked_event"
    },
    {
        "username": "Someone",
        "time": "2023-06-22T20:01:18Z",
        "event": "locked_event"
    },
    {
        "username": "Someone",
        "time": "2023-06-22T20:04:35Z",
        "event": "unlocked_event"
    },
    {
        "username": "Someone",
        "time": "2023-06-22T20:04:46Z",
        "event": "locked_event"
    },
    {
        "username": "Someone",
        "time": "2023-06-22T20:11:54Z",
        "event": "unlocked_event"
    },
    {
        "username": "Someone",
        "time": "2023-06-22T20:12:12Z",
        "event": "locked_event"
    },
    {
        "username": "Someone",
        "time": "2023-06-22T20:19:40Z",
        "event": "unlocked_event"
    },
    {
        "username": "Someone",
        "time": "2023-06-22T20:21:27Z",
        "event": "locked_event"
    },
    {
        "username": "Someone",
        "time": "2023-06-22T20:53:04Z",
        "event": "unlocked_event"
    },
    {
        "username": "Someone",
        "time": "2023-06-22T20:53:53Z",
        "event": "locked_event"
    },
    {
        "username": "Someone",
        "time": "2023-06-22T20:54:09Z",
        "event": "unlocked_event"
    },
    {
        "username": "Someone",
        "time": "2023-06-22T21:08:05Z",
        "event": "locked_event"
    },
    {
        "username": "All About Bugs",
        "time": "2023-06-23T15:30:37Z",
        "event": "unlocked_event"
    },
    {
        "username": "NBC Cleaners",
        "time": "2023-06-25T18:58:10Z",
        "event": "unlocked_event"
    },
    {
        "username": "Someone",
        "time": "2023-06-25T18:59:51Z",
        "event": "locked_event"
    },
    {
        "username": "Someone",
        "time": "2023-06-25T19:18:39Z",
        "event": "unlocked_event"
    },
    {
        "username": "Someone",
        "time": "2023-06-25T19:18:47Z",
        "event": "locked_event"
    },
    {
        "username": "Someone",
        "time": "2023-06-25T19:20:03Z",
        "event": "unlocked_event"
    },
    {
        "username": "Someone",
        "time": "2023-06-25T19:41:12Z",
        "event": "locked_event"
    },
    {
        "username": "Someone",
        "time": "2023-06-25T19:46:10Z",
        "event": "unlocked_event"
    },
    {
        "username": "Someone",
        "time": "2023-06-25T19:46:16Z",
        "event": "locked_event"
    },
    {
        "username": "Someone",
        "time": "2023-06-25T19:51:46Z",
        "event": "unlocked_event"
    },
    {
        "username": "Someone",
        "time": "2023-06-25T19:51:56Z",
        "event": "locked_event"
    },
    {
        "username": "Someone",
        "time": "2023-06-25T19:51:58Z",
        "event": "unlocked_event"
    },
    {
        "username": "Someone",
        "time": "2023-06-25T19:52:01Z",
        "event": "locked_event"
    },
    {
        "username": "Someone",
        "time": "2023-06-25T19:52:57Z",
        "event": "unlocked_event"
    },
    {
        "username": "Someone",
        "time": "2023-06-25T19:53:00Z",
        "event": "locked_event"
    },
    {
        "username": "Someone",
        "time": "2023-06-25T19:53:47Z",
        "event": "unlocked_event"
    },
    {
        "username": "Someone",
        "time": "2023-06-25T19:53:57Z",
        "event": "locked_event"
    },
    {
        "username": "Someone",
        "time": "2023-06-25T19:56:11Z",
        "event": "unlocked_event"
    },
    {
        "username": "Someone",
        "time": "2023-06-25T20:02:45Z",
        "event": "locked_event"
    },
    {
        "username": "Heather Schuller",
        "time": "2023-06-25T22:09:32Z",
        "event": "unlocked_event"
    },
    {
        "username": "NBC Cleaners",
        "time": "2023-06-28T15:21:27Z",
        "event": "unlocked_event"
    },
    {
        "username": "Someone",
        "time": "2023-06-28T17:37:12Z",
        "event": "locked_event"
    },
    {
        "username": "John Hand",
        "time": "2023-06-28T21:35:32Z",
        "event": "unlocked_event"
    },
    {
        "username": "NBC Cleaners",
        "time": "2023-07-07T16:21:27Z",
        "event": "unlocked_event"
    },
    {
        "username": "Someone",
        "time": "2023-07-07T17:45:29Z",
        "event": "locked_event"
    },
    {
        "username": "Olivia Evans",
        "time": "2023-07-07T19:00:32Z",
        "event": "unlocked_event"
    },
    {
        "username": "NBC Cleaners",
        "time": "2023-07-14T18:16:06Z",
        "event": "unlocked_event"
    },
    {
        "username": "Someone",
        "time": "2023-07-14T18:16:21Z",
        "event": "locked_event"
    },
    {
        "username": "Someone",
        "time": "2023-07-14T19:10:29Z",
        "event": "unlocked_event"
    },
    {
        "username": "Someone",
        "time": "2023-07-14T19:10:37Z",
        "event": "locked_event"
    },
    {
        "username": "Someone",
        "time": "2023-07-14T19:22:59Z",
        "event": "unlocked_event"
    },
    {
        "username": "Someone",
        "time": "2023-07-14T19:23:20Z",
        "event": "locked_event"
    },
    {
        "username": "Someone",
        "time": "2023-07-14T19:44:28Z",
        "event": "unlocked_event"
    },
    {
        "username": "Someone",
        "time": "2023-07-14T19:44:57Z",
        "event": "locked_event"
    },
    {
        "username": "Someone",
        "time": "2023-07-14T19:46:30Z",
        "event": "unlocked_event"
    },
    {
        "username": "Someone",
        "time": "2023-07-14T19:46:44Z",
        "event": "locked_event"
    },
    {
        "username": "Someone",
        "time": "2023-07-14T19:53:17Z",
        "event": "unlocked_event"
    },
    {
        "username": "Someone",
        "time": "2023-07-14T19:53:28Z",
        "event": "locked_event"
    },
    {
        "username": "Someone",
        "time": "2023-07-14T19:58:06Z",
        "event": "unlocked_event"
    },
    {
        "username": "Someone",
        "time": "2023-07-14T19:58:16Z",
        "event": "locked_event"
    },
    {
        "username": "Someone",
        "time": "2023-07-14T20:05:10Z",
        "event": "unlocked_event"
    },
    {
        "username": "Someone",
        "time": "2023-07-14T20:14:25Z",
        "event": "locked_event"
    },
    {
        "username": "Someone",
        "time": "2023-07-14T20:15:38Z",
        "event": "unlocked_event"
    },
    {
        "username": "Someone",
        "time": "2023-07-14T20:15:47Z",
        "event": "locked_event"
    },
    {
        "username": "Someone",
        "time": "2023-07-14T20:18:53Z",
        "event": "unlocked_event"
    },
    {
        "username": "Someone",
        "time": "2023-07-14T20:18:53Z",
        "event": "unlocked_event"
    },
    {
        "username": "Someone",
        "time": "2023-07-14T20:22:51Z",
        "event": "locked_event"
    },
    {
        "username": "Abraham Gomez",
        "time": "2023-07-15T02:20:52Z",
        "event": "unlocked_event"
    },
    {
        "username": "NBC Cleaners",
        "time": "2023-07-16T15:06:51Z",
        "event": "unlocked_event"
    },
    {
        "username": "Someone",
        "time": "2023-07-16T15:07:17Z",
        "event": "locked_event"
    },
    {
        "username": "Someone",
        "time": "2023-07-16T16:05:20Z",
        "event": "unlocked_event"
    },
    {
        "username": "Someone",
        "time": "2023-07-16T16:05:47Z",
        "event": "locked_event"
    },
    {
        "username": "Erin Crews",
        "time": "2023-07-16T21:54:13Z",
        "event": "unlocked_event"
    },
    {
        "username": "NBC Cleaners",
        "time": "2023-07-19T17:44:00Z",
        "event": "unlocked_event"
    },
    {
        "username": "Someone",
        "time": "2023-07-19T18:03:57Z",
        "event": "locked_event"
    },
    {
        "username": "NBC Cleaners",
        "time": "2023-07-19T19:01:09Z",
        "event": "unlocked_event"
    },
    {
        "username": "Someone",
        "time": "2023-07-19T20:08:05Z",
        "event": "locked_event"
    },
    {
        "username": "Raymond Wells",
        "time": "2023-07-19T21:21:20Z",
        "event": "unlocked_event"
    },
    {
        "username": "NBC Cleaners",
        "time": "2023-07-24T14:58:39Z",
        "event": "unlocked_event"
    },
    {
        "username": "A Happy Host",
        "time": "2023-07-24T16:27:41Z",
        "event": "unlocked_event"
    },
    {
        "username": "NBC Cleaners",
        "time": "2023-07-28T16:58:42Z",
        "event": "unlocked_event"
    },
    {
        "username": "Someone",
        "time": "2023-07-28T17:52:49Z",
        "event": "locked_event"
    },
    {
        "username": "Emily Plahna",
        "time": "2023-07-29T02:32:33Z",
        "event": "unlocked_event"
    },
    {
        "username": "NBC Cleaners",
        "time": "2023-08-01T18:18:35Z",
        "event": "unlocked_event"
    },
    {
        "username": "Someone",
        "time": "2023-08-01T18:52:06Z",
        "event": "locked_event"
    },
    {
        "username": "Someone",
        "time": "2023-08-01T18:57:02Z",
        "event": "unlocked_event"
    },
    {
        "username": "Someone",
        "time": "2023-08-01T18:57:35Z",
        "event": "locked_event"
    },
    {
        "username": "Someone",
        "time": "2023-08-01T19:18:12Z",
        "event": "unlocked_event"
    },
    {
        "username": "Someone",
        "time": "2023-08-01T20:17:11Z",
        "event": "locked_event"
    },
    {
        "username": "Maria Prudencio",
        "time": "2023-08-03T23:29:55Z",
        "event": "unlocked_event"
    },
    {
        "username": "NBC Cleaners",
        "time": "2023-08-06T17:12:08Z",
        "event": "unlocked_event"
    },
    {
        "username": "Someone",
        "time": "2023-08-06T18:25:24Z",
        "event": "locked_event"
    },
    {
        "username": "Blalocks",
        "time": "2023-08-07T17:25:56Z",
        "event": "unlocked_event"
    },
    {
        "username": "NBC Cleaners",
        "time": "2023-08-11T16:58:55Z",
        "event": "unlocked_event"
    },
    {
        "username": "Someone",
        "time": "2023-08-11T17:01:24Z",
        "event": "locked_event"
    },
    {
        "username": "Someone",
        "time": "2023-08-11T18:12:01Z",
        "event": "unlocked_event"
    },
    {
        "username": "Someone",
        "time": "2023-08-11T18:35:20Z",
        "event": "locked_event"
    },
    {
        "username": "Danny Liles",
        "time": "2023-08-11T23:29:12Z",
        "event": "unlocked_event"
    },
    {
        "username": "NBC Cleaners",
        "time": "2023-08-17T14:41:35Z",
        "event": "unlocked_event"
    },
    {
        "username": "Someone",
        "time": "2023-08-17T16:28:01Z",
        "event": "locked_event"
    },
    {
        "username": "All About Bugs",
        "time": "2023-08-17T18:48:45Z",
        "event": "unlocked_event"
    },
    {
        "username": "NBC Cleaners",
        "time": "2023-08-22T13:31:17Z",
        "event": "unlocked_event"
    },
    {
        "username": "Someone",
        "time": "2023-08-22T14:41:55Z",
        "event": "locked_event"
    },
    {
        "username": "NBC Cleaners",
        "time": "2023-08-22T20:20:13Z",
        "event": "unlocked_event"
    },
    {
        "username": "Someone",
        "time": "2023-08-22T20:22:36Z",
        "event": "locked_event"
    },
    {
        "username": "Amber Fields",
        "time": "2023-08-24T20:38:35Z",
        "event": "unlocked_event"
    }
]