Date,Hours,Minutes,Property Address,Team Member,Activity Group
06/05/2023,1,30,"772 Deer Path Ln, Gatlinburg, TN 37738, USA",NBC Cleaners,Turnover/Cleaning
06/11/2023,1,16,"772 Deer Path Ln, Gatlinburg, TN 37738, USA",NBC Cleaners,Turnover/Cleaning
06/16/2023,4,56,"772 Deer Path Ln, Gatlinburg, TN 37738, USA",NBC Cleaners,Turnover/Cleaning
06/16/2023,1,46,"772 Deer Path Ln, Gatlinburg, TN 37738, USA",NBC Cleaners,Turnover/Cleaning
06/16/2023,0,17,"772 Deer Path Ln, Gatlinburg, TN 37738, USA",NBC Cleaners,Turnover/Cleaning
06/19/2023,0,51,"772 Deer Path Ln, Gatlinburg, TN 37738, USA",NBC Cleaners,Turnover/Cleaning
06/22/2023,1,14,"772 Deer Path Ln, Gatlinburg, TN 37738, USA",NBC Cleaners,Turnover/Cleaning
06/25/2023,1,5,"772 Deer Path Ln, Gatlinburg, TN 37738, USA",NBC Cleaners,Turnover/Cleaning
06/28/2023,2,16,"772 Deer Path Ln, Gatlinburg, TN 37738, USA",NBC Cleaners,Turnover/Cleaning
07/07/2023,1,24,"772 Deer Path Ln, Gatlinburg, TN 37738, USA",NBC Cleaners,Turnover/Cleaning
07/14/2023,2,7,"772 Deer Path Ln, Gatlinburg, TN 37738, USA",NBC Cleaners,Turnover/Cleaning
07/16/2023,0,59,"772 Deer Path Ln, Gatlinburg, TN 37738, USA",NBC Cleaners,Turnover/Cleaning
07/19/2023,2,24,"772 Deer Path Ln, Gatlinburg, TN 37738, USA",NBC Cleaners,Turnover/Cleaning
07/19/2023,1,7,"772 Deer Path Ln, Gatlinburg, TN 37738, USA",NBC Cleaners,Turnover/Cleaning
07/24/2023,0,0,"772 Deer Path Ln, Gatlinburg, TN 37738, USA",NBC Cleaners,Turnover/Cleaning
07/28/2023,0,54,"772 Deer Path Ln, Gatlinburg, TN 37738, USA",NBC Cleaners,Turnover/Cleaning
08/01/2023,1,59,"772 Deer Path Ln, Gatlinburg, TN 37738, USA",NBC Cleaners,Turnover/Cleaning
08/06/2023,1,13,"772 Deer Path Ln, Gatlinburg, TN 37738, USA",NBC Cleaners,Turnover/Cleaning
08/11/2023,1,36,"772 Deer Path Ln, Gatlinburg, TN 37738, USA",NBC Cleaners,Turnover/Cleaning
08/17/2023,1,46,"772 Deer Path Ln, Gatlinburg, TN 37738, USA",NBC Cleaners,Turnover/Cleaning
08/22/2023,6,51,"772 Deer Path Ln, Gatlinburg, TN 37738, USA",NBC Cleaners,Turnover/Cleaning
08/22/2023,0,2,"772 Deer Path Ln, Gatlinburg, TN 37738, USA",NBC Cleaners,Turnover/Cleaning
