[
    {
        "username": "NBC Cleaners",
        "start_time": "2023-06-05T14:27:31Z",
        "end_time": "2023-06-05T15:57:13Z",
        "time_between_events": 89.7
    },
    {
        "username": "NBC Cleaners",
        "start_time": "2023-06-11T17:16:03Z",
        "end_time": "2023-06-11T18:32:17Z",
        "time_between_events": 76.23333333333333
    },
    {
        "username": "NBC Cleaners",
        "start_time": "2023-06-16T14:45:24Z",
        "end_time": "2023-06-16T19:41:06Z",
        "time_between_events": 295.7
    },
    {
        "username": "NBC Cleaners",
        "start_time": "2023-06-16T17:54:49Z",
        "end_time": "2023-06-16T19:41:06Z",
        "time_between_events": 106.28333333333333
    },
    {
        "username": "NBC Cleaners",
        "start_time": "2023-06-16T19:24:17Z",
        "end_time": "2023-06-16T19:41:06Z",
        "time_between_events": 16.816666666666666
    },
    {
        "username": "NBC Cleaners",
        "start_time": "2023-06-19T17:15:02Z",
        "end_time": "2023-06-19T18:06:23Z",
        "time_between_events": 51.35
    },
    {
        "username": "NBC Cleaners",
        "start_time": "2023-06-22T19:54:30Z",
        "end_time": "2023-06-22T21:08:05Z",
        "time_between_events": 73.58333333333333
    },
    {
        "username": "NBC Cleaners",
        "start_time": "2023-06-25T18:58:10Z",
        "end_time": "2023-06-25T20:02:45Z",
        "time_between_events": 64.58333333333333
    },
    {
        "username": "NBC Cleaners",
        "start_time": "2023-06-28T15:21:27Z",
        "end_time": "2023-06-28T17:37:12Z",
        "time_between_events": 135.75
    },
    {
        "username": "NBC Cleaners",
        "start_time": "2023-07-07T16:21:27Z",
        "end_time": "2023-07-07T17:45:29Z",
        "time_between_events": 84.03333333333333
    },
    {
        "username": "NBC Cleaners",
        "start_time": "2023-07-14T18:16:06Z",
        "end_time": "2023-07-14T20:22:51Z",
        "time_between_events": 126.75
    },
    {
        "username": "NBC Cleaners",
        "start_time": "2023-07-16T15:06:51Z",
        "end_time": "2023-07-16T16:05:47Z",
        "time_between_events": 58.93333333333333
    },
    {
        "username": "NBC Cleaners",
        "start_time": "2023-07-19T17:44:00Z",
        "end_time": "2023-07-19T20:08:05Z",
        "time_between_events": 144.08333333333334
    },
    {
        "username": "NBC Cleaners",
        "start_time": "2023-07-19T19:01:09Z",
        "end_time": "2023-07-19T20:08:05Z",
        "time_between_events": 66.93333333333334
    },
    {
        "username": "NBC Cleaners",
        "start_time": "2023-07-24T14:58:39Z",
        "end_time": "2023-07-24T14:58:39Z",
        "time_between_events": 0.0
    },
    {
        "username": "NBC Cleaners",
        "start_time": "2023-07-28T16:58:42Z",
        "end_time": "2023-07-28T17:52:49Z",
        "time_between_events": 54.11666666666667
    },
    {
        "username": "NBC Cleaners",
        "start_time": "2023-08-01T18:18:35Z",
        "end_time": "2023-08-01T20:17:11Z",
        "time_between_events": 118.6
    },
    {
        "username": "NBC Cleaners",
        "start_time": "2023-08-06T17:12:08Z",
        "end_time": "2023-08-06T18:25:24Z",
        "time_between_events": 73.26666666666667
    },
    {
        "username": "NBC Cleaners",
        "start_time": "2023-08-11T16:58:55Z",
        "end_time": "2023-08-11T18:35:20Z",
        "time_between_events": 96.41666666666667
    },
    {
        "username": "NBC Cleaners",
        "start_time": "2023-08-17T14:41:35Z",
        "end_time": "2023-08-17T16:28:01Z",
        "time_between_events": 106.43333333333334
    },
    {
        "username": "NBC Cleaners",
        "start_time": "2023-08-22T13:31:17Z",
        "end_time": "2023-08-22T20:22:36Z",
        "time_between_events": 411.31666666666666
    },
    {
        "username": "NBC Cleaners",
        "start_time": "2023-08-22T20:20:13Z",
        "end_time": "2023-08-22T20:22:36Z",
        "time_between_events": 2.3833333333333333
    }
]